,ID,brand,NIC,owner,image
0,277731,NIKE F.I.T.,"16, 25, 28",NIKE Innovate C.V.,No Image
1,277889,NIKE,"9, 14, 18, 25, 28, 42",NIKE Innovate C.V.,https://euipo.europa.eu/copla/thumbnail/GGIVU4WGEGD2LJBLYJY6ACUKPYZRFSKDTNU72DSNSWOLH2XP3BK7N62FXKEDBAFXVRJ2ERG6TLD3U
2,278028,NIKE,"9, 14, 18, 25, 28, 42",NIKE Innovate C.V.,No Image
3,278093,NIKE TOWN,"18, 25, 42",NIKE Innovate C.V.,No Image
4,469353,WIENER PHILHARMONIKER,14,"Münze Österreich Aktiengesellschaft, Wiener Philharmoniker e.V.",No Image
5,471516,PHILHARMONIKER,14,Münze Österreich Aktiengesellschaft,No Image
6,723924,Münchner Philharmoniker,"9, 14, 16, 18, 21, 24, 28, 38, 40, 41, 42","LANDESHAUPTSTADT MÜNCHEN, Münchner Philharmoniker (GbR)",No Image
7,811539,NIKEMA,7,NIKEMA S.R.L.,https://euipo.europa.eu/copla/thumbnail/GGIVU4WGEGD2LJBLYJY6ACUKPYZRFSKDTNU72DSNSWOLH2XP3BKRLFEUQOSL5S2JY7FEMHKDOYD7C
8,827824,nike,"18, 25, 28",NIKE Innovate C.V.,https://euipo.europa.eu/copla/thumbnail/GGIVU4WGEGD2LJBLYJY6ACUKPYZRFSKDTNU72DSNSWOLH2XP3BKU6OKNUW3LK7SR2YQXGOXG5WQQY
9,866764,NIKEFREE,25,"Nike Innovate C.V., a limited partnership",No Image
10,883894,NIKE FREE,25,"Nike Innovate C.V., a limited partnership",No Image
11,1071422,NIKE GOLF,"18, 24, 25, 28",NIKE Innovate C.V.,https://euipo.europa.eu/copla/thumbnail/GGIVU4WGEGD2LJBLYJY6ACUKP3JVA4LOVDE4QXANVYQFHDJC72J37H7ZJUATSWB7K5JEOC42VPPIY
12,1073941,BERLINER PHILHARMONIKER,"9, 38, 41",Stiftung Berliner Philharmoniker,https://euipo.europa.eu/copla/thumbnail/GGIVU4WGEGD2LJBLYJY6ACUKPYLCN54ZRSFUTCCRFRIWMU5DB45OVONLZWDWNACOCO3LVZ6XG6CF6
13,1228113,UNIKEY,9,"UNIKEY ELECTRONICS CO., LTD.",https://euipo.europa.eu/copla/thumbnail/GGIVU4WGEGD2LJBLYJY6ACUKP3JVA4LOVDE4QXANVYQFHDJC72J4V4QHAZIH62GYG26C447TDNWGO
14,1247693,Kliniken Schmieder,"16, 42, 44",Kliniken Schmieder (Stiftung &amp; Co.) KG,No Image
15,1319107,BOTTERSNIKES AND GUMBLES,"9, 16, 18, 21, 24, 25, 28, 41, 45",Cheeky Little Media Pty Ltd,No Image
16,1322712,UNIKEG,"6, 16, 20",Eurokeg B.V.,https://euipo.europa.eu/copla/thumbnail/GGIVU4WGEGD2LJBLYJY6ACUKPYLCN54ZRSFUTCCRFRIWMU5DB45GCPJD72ZDVCKTKUODTFH2HXLFC
17,1397267,MACHENIKE,35,"QINGDAO THUNDEROBOT TECHNOLOGY CO., LTD.",https://euipo.europa.eu/copla/thumbnail/GGIVU4WGEGD2LJBLYJY6ACUKPYLCN54ZRSFUTCCRFRIWMU5DB45IJSUE3C46MTCAX57L7GOYYOXEG
18,1410532,MACHENIKE,42,"QINGDAO THUNDEROBOT TECHNOLOGY CO., LTD.",https://euipo.europa.eu/copla/thumbnail/GGIVU4WGEGD2LJBLYJY6ACUKPYLCN54ZRSFUTCCRFRIWMU5DB45BHIIN4QXJ6NPKCO5SGM2TF3IZ2
19,1515210,MACHENIKE,10,"QINGDAO THUNDEROBOT TECHNOLOGY CO., LTD.",https://euipo.europa.eu/copla/thumbnail/GGIVU4WGEGD2LJBLYJY6ACUKPYLCN54ZRSFUTCCRFRIWMU5DB45EN3K4LCDKUWAUSYMER56S2S5CC
20,1573357,CARL VON LINNÉKLINIKEN,"10, 42, 44",Carl von Linné Kliniken Handelsbolag,No Image
21,1768357,NIKEVRY,5,NOVARTIS AG,No Image
22,1823764,OMNIKEY,"9, 38, 42",OMNIKEY AG,No Image
23,3111093,BRUCKNER SYMPHONIKER,"16, 38, 41",Oö. Theater und Orchester GmbH,No Image
24,4284311,MONTANIKE,"29, 30, 31","MONTANIKE BEHEER, BV",https://euipo.europa.eu/copla/thumbnail/GGIVU4WGEGD2LJBLYJY6ACUKP266YKCNR2JU7FNJMSAFOAODEVIRCDYJ6PVPSLQ65QQIF3WVJSA7W
25,5036009,PIERRE DENIKER,"35, 36, 41, 42, 44",Fondation Pierre Deniker,No Image
26,5058029,NIKE RECOVERY,25,NIKE Innovate C.V.,No Image
27,5385554,INIKER,"5, 10","Advanced Science and Technology, S.L.",No Image
28,5385919,INIKER FILL,"3, 5, 10","Advanced Science and Technology, S.L.",No Image
29,5385984,INIKER JET,"3, 5, 10","Advanced Science and Technology, S.L.",No Image
30,5712203,NIKESTORE,"18, 25, 35",NIKE Innovate C.V.,No Image
31,5733795,NIKEGOLF,"9, 14, 18, 24, 25, 35, 36, 41",NIKE Innovate C.V.,https://euipo.europa.eu/copla/thumbnail/GGIVU4WGEGD2LJBLYJY6ACUKPZFXGD4B6MWNXYL5ZAH6AYIL5ZEMN7SU55DDFFMG4YXVP2TK6E46I
32,6058606,NIKEID.,35,NIKE Innovate C.V.,No Image
33,6231435,symphony philharmoniker www.SYMPHONY-FLOOR.COM,19,Meyer Parkett GmbH,https://euipo.europa.eu/copla/thumbnail/GGIVU4WGEGD2LJBLYJY6ACUKP3STKASGLI2AG7OANZ5LJ5ILVLBGSHYVONAYS2I5YBAH6JX4SH6GS
34,6444831,NIKE SHOX,25,NIKE Innovate C.V.,No Image
35,6451331,NIKEFIT,24,NIKE Innovate C.V.,No Image
36,6819321,NIKEWOMEN,"18, 25, 35",NIKE Innovate C.V.,No Image
37,7201205,NIKE AEROGRAPHICS,"24, 25, 35",NIKE Innovate C.V.,No Image
38,7554637,NIKE PRO COMBAT,25,NIKE Innovate C.V.,No Image
39,8117715,NIKE GRIND,"19, 25, 27",NIKE Innovate C.V.,No Image
40,8262735,WIENER PHILHARMONIKER,"8, 9, 14, 16, 21, 25, 35, 38, 41",Wiener Philharmoniker e.V.,No Image
41,8529091,Die Elbphilharmoniker,"9, 16, 38, 41",HamburgMusik gGmbH,No Image
42,8608036,Bamberger Symphoniker,"9, 16, 41",Stiftung Bamberger Symphoniker Bayerische Staatsphilharmonie,No Image
43,8871915,NIKE,35,NIKE Innovate C.V.,No Image
44,9022385,NIKE5,25,NIKE Innovate C.V.,No Image
45,9043019,NIKE BETTER WORLD,"35, 41",NIKE Innovate C.V.,No Image
46,9158205,NIKE PRO HYPERCOOL,25,NIKE Innovate C.V.,No Image
47,9241043,NIKEFUEL,"9, 38, 41, 42",NIKE Innovate C.V.,No Image
48,9384801,UniKey,9,SecuTech Solution Inc.,https://euipo.europa.eu/copla/thumbnail/GGIVU4WGEGD2LJBLYJY6ACUKPYAKYLUC3OKTBFWWBLUAGFCOSH7APDUBT7JICB7UMNOMHR7ZDTSXM
49,9388935,Sensomotorik Techniker,"10, 25, 35, 37, 40, 42, 44",footpower Service GmbH,https://euipo.europa.eu/copla/thumbnail/GGIVU4WGEGD2LJBLYJY6ACUKPYAKYLUC3OKTBFWWBLUAGFCOSH7GOQISAGKWGOT4QZHUYEOCEOELK
50,9630153,NIKE,"7, 8, 12",Rehobot  Hydraulics AB,No Image
51,9873613,UNIKE JEWELLERY,14,"PLANET JEWELRY - ARTIGOS DE JOALHARIA, LDA",https://euipo.europa.eu/copla/thumbnail/GGIVU4WGEGD2LJBLYJY6ACUKPYAKYLUC3OKTBFWWBLUAGFCOSH7JUJY5I3FL2UYBIFPBUBJOWEWTM
52,9959255,è ALPHABETA KONTA STèN ELLèNIKè Gè,"29, 30, 31, 32, 33",Delhaize Le Lion/De Leeuw,https://euipo.europa.eu/copla/thumbnail/GGIVU4WGEGD2LJBLYJY6ACUKPYAKYLUC3OKTBFWWBLUAGFCOSH7LRQHZD7CLLLJJROJX7YOZENOEI
53,10032977,TK Techniker Krankenkasse Gesund in die Zukunft.,"36, 41, 44",Techniker Krankenkasse (TK),https://euipo.europa.eu/copla/thumbnail/GGIVU4WGEGD2LJBLYJY6ACUKP3VAOGXK32MUOQNMPTR5R2WM5KYOQHQWIAAX4XVHMOX756VI6PLN4
54,10483444,"pace Parti des citoyens européens, AISBL - Partei der Europäischen Bürger/Bürgerinnen - Party of the Citizens of Europe Europæiske Borgeres Parti - Partido de los Ciudadanos Europeos ",45,"Parti des Citoyens Européens (PACE), AISBL",https://euipo.europa.eu/copla/thumbnail/GGIVU4WGEGD2LJBLYJY6ACUKP3VAOGXK32MUOQNMPTR5R2WM5KYMFI2EBFP4JY3YMGU77U4VIZ2L2
55,10616852,IK4 TEKNIKER Research Alliance,"9, 42",FUNDACION TEKNIKER,https://euipo.europa.eu/copla/thumbnail/GGIVU4WGEGD2LJBLYJY6ACUKP3VAOGXK32MUOQNMPTR5R2WM5KYND7SACRKXN7AY6O57MFLZVAVRO
56,10616928,NIKEFUEL,"9, 10, 14",NIKE Innovate C.V.,No Image
57,10687713,NIKE+ SPORT,"9, 25",NIKE Innovate C.V.,No Image
58,10687739,NIKE+ BASKETBALL,"9, 25",NIKE Innovate C.V.,No Image
59,10687788,NIKE+ TRAINING,"9, 25",NIKE Innovate C.V.,No Image
60,10807428,PANIKE MOMENTS DESDE 1986,30,Panike SA - Indústria de Produtos Ultracongelados SA,https://euipo.europa.eu/copla/thumbnail/GGIVU4WGEGD2LJBLYJY6ACUKP3VAOGXK32MUOQNMPTR5R2WM5KYDB5YN2OMJIQRHUZTOAWHAIIZCQ
61,10953362,NIKESKIN,25,NIKE Innovate C.V.,No Image
62,11003597,Unikliniken Köln,"16, 41, 44",Universitätsklinikum Köln Anstalt des öffentlichen Rechts des Landes NRW,No Image
63,11498862,NIKE TRACK CLUB,"18, 25, 35",NIKE Innovate C.V.,No Image
64,11529971,Miniket,7,Janser GmbH,No Image
65,11711272,WIENER SYMPHONIKER,"9, 16, 41",Wiener Symphoniker,No Image
66,12101689,NIKE,9,NIKE Innovate C.V.,No Image
67,12274098,FENIKEL,"6, 7, 12",Usui Kokusai Sangyo Kaisha,No Image
68,12600128,NIKE AEROLOFT,"18, 25, 35",NIKE Innovate C.V.,No Image
69,12930236,NIKE+ FUELCOACH,"9, 35, 38, 41, 42, 45",NIKE Innovate C.V.,No Image
70,13005434,PNIKER,"9, 12, 16, 18, 25, 28, 35, 38, 39, 41, 42",Thibault DE GHELLINK DELSEGHEM,No Image
71,13072988,NIKE AIR VAPORMAX,25,NIKE Innovate C.V.,No Image
72,13092465,NIKE CLEARANCE STORE,35,NIKE Innovate C.V.,No Image
73,13146725,NIKE AIR,"18, 25, 28",NIKE Innovate C.V.,https://euipo.europa.eu/copla/thumbnail/GGIVU4WGEGD2LJBLYJY6ACUKP2D6IUAFWEL2LIF5UHRJ7XS3UJP5DUWYGPUOCZSMJKFM2GDO6MOMS
74,13176681,CHARL HEYNIKE,"14, 18, 20, 24, 25, 40",Charl Heynike,No Image
75,13265161,BERLINER PHILHARMONIKER,"9, 38, 41",Stiftung Berliner Philharmoniker,No Image
76,13463054,JENIKE &amp; JOHANSON,42,"Jenike &amp; Johanson Global, Inc.",No Image
77,13491758,NIKE AEROSHIELD,"18, 25, 35",NIKE Innovate C.V.,No Image
78,13725965,Kenike KIDS,"3, 18, 25","Guangzhou Qiyang Shoes Co., LTD.",https://euipo.europa.eu/copla/thumbnail/GGIVU4WGEGD2LJBLYJY6ACUKP2D6IUAFWEL2LIF5UHRJ7XS3UJPSOWGO7GDJRDMD3UM7OS5IETE2G
79,13784021,NIKE,31,"AGRUPACION SUNAMAR, S.L.",https://euipo.europa.eu/copla/thumbnail/GGIVU4WGEGD2LJBLYJY6ACUKP2D6IUAFWEL2LIF5UHRJ7XS3UJPQLGPNDJHXBQ5XATADKXHYEORSE
80,14296991,NIKE LUNAR,25,NIKE Innovate C.V.,No Image
81,14353247,NIKE ROSHE,25,NIKE Innovate C.V.,No Image
82,14433403,AIR HUARACHE BY NIKE,"18, 25, 35",NIKE Innovate C.V.,https://euipo.europa.eu/copla/thumbnail/GGIVU4WGEGD2LJBLYJY6ACUKP22D5TH4HWBU7ERIQHFIMFEQUQOC2OG23FK26Z3IV3NVFPHPAFDOY
83,14840896,Wiener Philharmoniker 1842&nbsp; bePHILHARMONIC&nbsp; CONTEST 2016,"9, 16, 38, 41",Wiener Philharmoniker e.V.,https://euipo.europa.eu/copla/thumbnail/GGIVU4WGEGD2LJBLYJY6ACUKP22D5TH4HWBU7ERIQHFIMFEQUQOD4GK27A3SFJIKUVNZ4AV7ADHSO
84,15100142,MINUTKLINIKEN,"9, 16, 35, 41, 42, 44",Apotek Hjärtat AB,No Image
85,15101066,minutkliniken,"9, 16, 35, 41, 42, 44",Apotek Hjärtat AB,https://euipo.europa.eu/copla/thumbnail/GGIVU4WGEGD2LJBLYJY6ACUKPZ6UO3JD7WNBUUFWG4IW56GENJKUUHC2OD5YTGDKF3U6IIRB4NYNI
86,15171788,NTC Nike Training Club,"9, 25, 35, 41",NIKE Innovate C.V.,https://euipo.europa.eu/copla/thumbnail/GGIVU4WGEGD2LJBLYJY6ACUKPZ6UO3JD7WNBUUFWG4IW56GENJK2K4WP2K4ES3TCAXRKPW4FT3EK4
87,15214448,UNIKERIS,"5, 42, 44",Unikeris Limited,No Image
88,15225725,NIKE AEROSWIFT,"18, 25, 28",NIKE Innovate C.V.,No Image
89,15582216,Sminiker,"8, 9, 28",Shen Zhen Shi Hao Wei Yun Cheng Ke Ji You Xian Gong Si,No Image
90,15827231,NIKE HYPERSTRONG,"18, 25, 41",NIKE Innovate C.V.,No Image
91,15960701,NIKEL PRIVÉ,3,Mirjana Brlečić,https://euipo.europa.eu/copla/thumbnail/GGIVU4WGEGD2LJBLYJY6ACUKPZ6UO3JD7WNBUUFWG4IW56GENJKQ5AWQIFJ3IKH6ZXSQQBBISABUS
92,16026353,NIKE,41,NIKE Innovate C.V.,No Image
93,16207111,NIKEN,12,Yamaha Hatsudoki Kabushiki Kaisha,No Image
94,16490054,AK AKADEMIKLINIKEN,"3, 5, 41, 42, 44",Akademikliniken HJ Holding AB,https://euipo.europa.eu/copla/thumbnail/GGIVU4WGEGD2LJBLYJY6ACUKPYSPRVBAQOOSZM42O7SI2WJYHBCQREUCIK2RKQRX6LGGKERCOCDIE
95,16661142,NIKE,"7, 8, 9, 12",Rehobot  Hydraulics AB,No Image
96,16768418,NIKE JOYRIDE,25,NIKE Innovate C.V.,No Image
97,17127929,Tiniker,"9, 25, 28",Xinliang Yu,No Image
98,17375155,komunikea,"35, 41",ALEJANDRO CARRETERO GARCIA,https://euipo.europa.eu/copla/thumbnail/GGIVU4WGEGD2LJBLYJY6ACUKPYV7S2XYV2IHZESYS2KSFIGKWMM53SH5OO6XI5FHUFVCMJEOMCCGM
99,17647199,AONIKE,"9, 35",Huqin Huang,https://euipo.europa.eu/copla/thumbnail/GGIVU4WGEGD2LJBLYJY6ACUKPYV7S2XYV2IHZESYS2KSFIGKWMMWIYND2VFM3IDMQ3SZ3Q4GZ3HWU
100,17769175,CM Philharmoniker Ball,"35, 41, 43",Kristina Bach,No Image
101,17945255,BERLINER SYMPHONIKER,"9, 16, 41",BEROLINA-ORCHESTER e.V. BERLINER SYMPHONIKER,No Image
102,17945256,BERLINER SYMPHONIKER,"9, 16, 41",BEROLINA-ORCHESTER e.V. BERLINER SYMPHONIKER,https://euipo.europa.eu/copla/thumbnail/GGIVU4WGEGD2LJBLYJY6ACUKPYV7S2XYV2IHZESYS2KSFIGKWMMQG2W5VWN2M7XKWYNTEK7MQQHRA
103,17953294,Syonike,9,"Shenzhen Lv Di Si Technology Co., Ltd",No Image
104,17964315,NIKE RTNA,"18, 25",NIKE Innovate C.V.,No Image
105,17967285,NIKECONNECT,9,NIKE Innovate C.V.,No Image
106,17967447,PERITUSKLINIKEN,"35, 42, 44",Perituskliniken AB,No Image
107,17968330,NIKECONNECT,25,NIKE Innovate C.V.,https://euipo.europa.eu/copla/thumbnail/GGIVU4WGEGD2LJBLYJY6ACUKPYV7S2XYV2IHZESYS2KSFIGKWMM2VFMQ4LOQQCE2PUOULSZJYSEJU
108,17976242,Unike,"5, 10",Köhler Pharma GmbH,No Image
109,17980838,etxenike,29,"M. ETXENIKE, S.A.",https://euipo.europa.eu/copla/thumbnail/GGIVU4WGEGD2LJBLYJY6ACUKPYV7S2XYV2IHZESYS2KSFIGKWMM6FD4N2AFPJJR5AENUXMGBMCPEU
110,18007186,EK EleniKey,"29, 30, 33",Jean Georges Ghenossis-Vagenas,https://euipo.europa.eu/copla/thumbnail/GGIVU4WGEGD2LJBLYJY6ACUKPZHJDQXWIZJLOY4DXNLCCIW7U45YGLXAVANK6QFDFULMZ2KNVO4N6
111,18028334,SLMKLINIKEN,"3, 5, 10, 41, 44",Maria Petersson,No Image
112,18037092,NIKE BY YOU,"35, 42",NIKE Innovate C.V.,No Image
113,18061156,iuniker,9,"Shenzhen Tongyu Technology Co., Ltd.",No Image
114,18070778,Ranikeer,"14, 20, 21","Zhengzhou NaTeEr Import and Export Trade Co., Ltd.",No Image
115,18094169,NIKEVRY,5,Novartis AG,No Image
116,18126224,"P/S ""Sniķeri"", Jumurdas pag., Ērgļu novads, t. 29135515 Kaziņas Bonijas siers www.bonijassiers.lv",29,Santa Lasmane-Radzvilaviča,https://euipo.europa.eu/copla/thumbnail/GGIVU4WGEGD2LJBLYJY6ACUKPZHJDQXWIZJLOY4DXNLCCIW7U452FSIDMH6IRJIMAXWZNX4XXT2KK
117,18183856,Titanikel,7,HYWAY MIT CORPORATION,No Image
118,18188707,BERLINER PHILHARMONIKER RECORDINGS,"9, 41",Stiftung Berliner Philharmoniker,No Image
119,18212438,NIKEEYEN,11,Shenzhen KaiYaSheng Technology Co Ltd,No Image
120,18240898,etniké,30,Fratelli Pagani SpA,https://euipo.europa.eu/copla/thumbnail/GGIVU4WGEGD2LJBLYJY6ACUKPZHJDQXWIZJLOY4DXNLCCIW7U453T5QFM4PXPYWLM4FDMDUPPRQYY
121,18275107,YOUNIKE,"11, 20",Tao Yang,No Image
122,18278539,SANIKEM,5,ITALKEM S.R.L.,No Image
123,18285590,Weltroniker,35,Weltron Elektronik GmbH,No Image
124,18326927,CCE Ziviltechniker GmbH,"37, 42",CCE Ziviltechniker GmbH,https://euipo.europa.eu/copla/thumbnail/GGIVU4WGEGD2LJBLYJY6ACUKPZHJDQXWIZJLOY4DXNLCCIW7U454YX7YRFS7KPDMVVHONDKR7Z77Q
125,18350942,FINIKEM,"1, 2, 3, 5, 42",FGL International S.p.A.,No Image
126,18466064,LIBERMENTA Kliniken,"5, 35, 44",BühlerHealthCare AG,No Image
127,18466066,LIBERMENTA Kliniken Leben erleben,"5, 35, 44",BühlerHealthCare AG,https://euipo.europa.eu/copla/thumbnail/GGIVU4WGEGD2LJBLYJY6ACUKPZHJDQXWIZJLOY4DXNLCCIW7U45YJDYYJQR425WGRO37PKS5V4J42
128,18467456,Nikeiy,"6, 8",Wenzhou Boju International Trade Co. Ltd,https://euipo.europa.eu/copla/thumbnail/GGIVU4WGEGD2LJBLYJY6ACUKPZHJDQXWIZJLOY4DXNLCCIW7U45TS5RUZUEEOCV7KE6KKM2OLDKZ2
129,18504948,SANIKEM,"1, 5, 16, 40",Kemind S.r.l.,No Image
130,18507097,TechnikElfe,42,Sara Menzel-Berger,https://euipo.europa.eu/copla/thumbnail/GGIVU4WGEGD2LJBLYJY6ACUKPZHJDQXWIZJLOY4DXNLCCIW7U45YQ6KRD6ANLBBBB5IGGEEHQULXE
131,18530887,Tranike,"9, 10, 21","Shenzhen Xinyi Technology Co., Ltd.",No Image
132,18554274,PANIKE,"29, 30, 35","PANIKE - INDÚSTRIA DE PRODUTOS ALIMENTARES CONGELADOS, S.A.",No Image
133,18554609,DSGVO Datenschutz Ziviltechniker GmbH - Wir schützen Ihre Daten -,"42, 45",DSGVO-ZT GmbH,https://euipo.europa.eu/copla/thumbnail/GGIVU4WGEGD2LJBLYJY6ACUKPZHJDQXWIZJLOY4DXNLCCIW7U45SYCMR6L4L6TDBD6K7S3ADWLQ5E
134,18586664,NIKE,"9, 35, 41",NIKE Innovate C.V.,https://euipo.europa.eu/copla/thumbnail/GGIVU4WGEGD2LJBLYJY6ACUKPZHJDQXWIZJLOY4DXNLCCIW7U45SHROLGKTR55CCW3OHEGIQTPAVK
135,18586666,NIKE,"9, 35, 41",NIKE Innovate C.V.,No Image
136,18605923,NIKELAND,"9, 25, 35, 41, 42",NIKE Innovate C.V.,No Image
137,18623025,T TEKNIKER MEMBER OF BASQUE RESEARCH &amp; TECHNOLOGY ALLIANCE,"7, 9, 37, 40, 41, 42",FUNDACION TEKNIKER,https://euipo.europa.eu/copla/thumbnail/GGIVU4WGEGD2LJBLYJY6ACUKPZHJDQXWIZJLOY4DXNLCCIW7U452JLEFHCTEKBIRITP6UHD2VBIPC
138,18674218,Atomos Kliniken,"35, 36",Atomos-Kliniken GmbH,No Image
139,18678896,NIKEDEM,"29, 30",Andrea Ursula Grün,No Image
140,18689924,ETXENIKE KUTXARA,29,"M. ETXENIKE, S.A.",No Image
141,18725918,nikelX Account Based Ticketing,"9, 25, 35, 38, 39, 42","Michael Weber, Olga White, Demuth Business Partner",https://euipo.europa.eu/copla/thumbnail/GGIVU4WGEGD2LJBLYJY6ACUKPZHJDQXWIZJLOY4DXNLCCIW7U45QGYQ5EK5N7QNHVP7RVHE6Y6PBO
142,18736251,NIKE GO,25,NIKE Innovate C.V.,No Image
143,18736252,NIKE ZENVY,25,NIKE Innovate C.V.,No Image
144,18736254,NIKE UNIVERSA,25,NIKE Innovate C.V.,No Image
145,18764903,Siphoniker,"6, 11, 17, 19",HL Hutterer &amp; Lechner GmbH,No Image
146,18764904,SIPHONIKER,"6, 11, 17, 19",HL Hutterer &amp; Lechner GmbH,https://euipo.europa.eu/copla/thumbnail/GGIVU4WGEGD2LJBLYJY6ACUKPZHJDQXWIZJLOY4DXNLCCIW7U45VAFLB54GY54XBY2H6OIBJKPY7S
147,18811349,TIM DOSTARCZAMY ELEKTROTECHNIKĘ PROFESJONALISTOM,"35, 37, 39, 41, 42",TIM S.A.,https://euipo.europa.eu/copla/thumbnail/GGIVU4WGEGD2LJBLYJY6ACUKPZHJDQXWIZJLOY4DXNLCCIW7U45RWV4THYJKZXHE53FJVKR7FQX72
148,18848142,NIKE MOTIVA,25,NIKE Innovate C.V.,No Image
149,18857586,NIKE INVINCIBLE,25,NIKE Innovate C.V.,No Image
150,18865557,NIKE CRATER,25,NIKE Innovate C.V.,No Image
151,18866819,NIKE,"7, 10, 12, 14, 21, 26, 27, 41, 42",NIKE Innovate C.V.,No Image
152,18871826,Genikeer,"21, 28","Guangzhou Jingxiao Network Technology Co., Ltd.",No Image
153,18880415,NORDISKA KLINIKEN,"3, 44",Nordiska Kliniken,https://euipo.europa.eu/copla/thumbnail/GGIVU4WGEGD2LJBLYJY6ACUKPZHJDQXWIZJLOY4DXNLCCIW7U45TJOE77CBL4BIGPA2SULBQVCGCI
154,18881419,NIKE STRIDE,25,NIKE Innovate C.V.,No Image
155,18886839,Laklinike,"3, 5, 35, 44",Haitham Abu Kahdijeh and his Partners Company,https://euipo.europa.eu/copla/thumbnail/GGIVU4WGEGD2LJBLYJY6ACUKPZHJDQXWIZJLOY4DXNLCCIW7U45ZHHSY5N34X4YEBSZRYE4BRMNVS
156,18899582,KONCEPT kliniken,44,Koncept kliniken beauty AB,https://euipo.europa.eu/copla/thumbnail/GGIVU4WGEGD2LJBLYJY6ACUKPZHJDQXWIZJLOY4DXNLCCIW7U45VS42MOHANDQZOCI3KZVVBJVDWS
157,18943239,MACHENIKE,9,"QINGDAO THUNDEROBOT TECHNOLOGY CO., LTD.",https://euipo.europa.eu/copla/thumbnail/GGIVU4WGEGD2LJBLYJY6ACUKPZHJDQXWIZJLOY4DXNLCCIW7U45XU4QUGFJJNDNI5OYHRVGV3OI4M
158,18958093,LAINIKE,21,"Guangzhou Lainike Trading Co., Ltd.",No Image
159,18985382,MONIKER,36,Visa International Service Association,No Image
160,18989986,Organiker KERATIN TREATMENT,"3, 35",SAGA PROFESIONAL S.L.,https://euipo.europa.eu/copla/thumbnail/GGIVU4WGEGD2LJBLYJY6ACUKPZHJDQXWIZJLOY4DXNLCCIW7U453GM6CV63SUF7LOA25QJMLZELTO
161,19006500,NANIKEOLA,"9, 14, 16, 28, 35, 41, 42",Susanne Korntner,https://euipo.europa.eu/copla/thumbnail/GGIVU4WGEGD2LJBLYJY6ACUKPY5X7OI6A3KZCQBHDBUZ4FR2OF35AW6C6H2DFVKWJ3IYJVFIY6DRA
162,19017718,CogniKEY,"41, 44",Brain Training Center S.R.L.,https://euipo.europa.eu/copla/thumbnail/GGIVU4WGEGD2LJBLYJY6ACUKPY5X7OI6A3KZCQBHDBUZ4FR2OF3SGG7QDDSZOUC3DLKDE4JUKXP6O
163,19023991,TZMengNiKe,"11, 21","Shenzhen MengNiKe Trading Co., Ltd.",No Image
164,19052244,Sensomotorik Techniker,41,footpower Service GmbH,https://euipo.europa.eu/copla/thumbnail/GGIVU4WGEGD2LJBLYJY6ACUKPY5X7OI6A3KZCQBHDBUZ4FR2OF3YGV2XDKIMZIWKJCJWRYQY6EMSW
165,19074876,UNIKEYBOX,"7, 8",Linmao Pan,No Image
166,19085235,Anikers,11,"Shenzhen Ouyitong E-commerce Co., Ltd.",No Image
167,277731,NIKE F.I.T.,"16, 25, 28",NIKE Innovate C.V.,No Image
168,277889,NIKE,"9, 14, 18, 25, 28, 42",NIKE Innovate C.V.,https://euipo.europa.eu/copla/thumbnail/GGIVU4WGEGD2LJBLYJY6ACUKPYZRFSKDTNU72DSNSWOLH2XP3BK7N62FXKEDBAFXVRJ2ERG6TLD3U
169,278028,NIKE,"9, 14, 18, 25, 28, 42",NIKE Innovate C.V.,No Image
170,278093,NIKE TOWN,"18, 25, 42",NIKE Innovate C.V.,No Image
171,469353,WIENER PHILHARMONIKER,14,"Münze Österreich Aktiengesellschaft, Wiener Philharmoniker e.V.",No Image
172,471516,PHILHARMONIKER,14,Münze Österreich Aktiengesellschaft,No Image
173,723924,Münchner Philharmoniker,"9, 14, 16, 18, 21, 24, 28, 38, 40, 41, 42","LANDESHAUPTSTADT MÜNCHEN, Münchner Philharmoniker (GbR)",No Image
174,811539,NIKEMA,7,NIKEMA S.R.L.,https://euipo.europa.eu/copla/thumbnail/GGIVU4WGEGD2LJBLYJY6ACUKPYZRFSKDTNU72DSNSWOLH2XP3BKRLFEUQOSL5S2JY7FEMHKDOYD7C
175,827824,nike,"18, 25, 28",NIKE Innovate C.V.,https://euipo.europa.eu/copla/thumbnail/GGIVU4WGEGD2LJBLYJY6ACUKPYZRFSKDTNU72DSNSWOLH2XP3BKU6OKNUW3LK7SR2YQXGOXG5WQQY
176,866764,NIKEFREE,25,"Nike Innovate C.V., a limited partnership",No Image
177,883894,NIKE FREE,25,"Nike Innovate C.V., a limited partnership",No Image
178,1071422,NIKE GOLF,"18, 24, 25, 28",NIKE Innovate C.V.,https://euipo.europa.eu/copla/thumbnail/GGIVU4WGEGD2LJBLYJY6ACUKP3JVA4LOVDE4QXANVYQFHDJC72J37H7ZJUATSWB7K5JEOC42VPPIY
179,1073941,BERLINER PHILHARMONIKER,"9, 38, 41",Stiftung Berliner Philharmoniker,https://euipo.europa.eu/copla/thumbnail/GGIVU4WGEGD2LJBLYJY6ACUKPYLCN54ZRSFUTCCRFRIWMU5DB45OVONLZWDWNACOCO3LVZ6XG6CF6
180,1228113,UNIKEY,9,"UNIKEY ELECTRONICS CO., LTD.",https://euipo.europa.eu/copla/thumbnail/GGIVU4WGEGD2LJBLYJY6ACUKP3JVA4LOVDE4QXANVYQFHDJC72J4V4QHAZIH62GYG26C447TDNWGO
181,1247693,Kliniken Schmieder,"16, 42, 44",Kliniken Schmieder (Stiftung &amp; Co.) KG,No Image
182,1319107,BOTTERSNIKES AND GUMBLES,"9, 16, 18, 21, 24, 25, 28, 41, 45",Cheeky Little Media Pty Ltd,No Image
183,1322712,UNIKEG,"6, 16, 20",Eurokeg B.V.,https://euipo.europa.eu/copla/thumbnail/GGIVU4WGEGD2LJBLYJY6ACUKPYLCN54ZRSFUTCCRFRIWMU5DB45GCPJD72ZDVCKTKUODTFH2HXLFC
184,1397267,MACHENIKE,35,"QINGDAO THUNDEROBOT TECHNOLOGY CO., LTD.",https://euipo.europa.eu/copla/thumbnail/GGIVU4WGEGD2LJBLYJY6ACUKPYLCN54ZRSFUTCCRFRIWMU5DB45IJSUE3C46MTCAX57L7GOYYOXEG
185,1410532,MACHENIKE,42,"QINGDAO THUNDEROBOT TECHNOLOGY CO., LTD.",https://euipo.europa.eu/copla/thumbnail/GGIVU4WGEGD2LJBLYJY6ACUKPYLCN54ZRSFUTCCRFRIWMU5DB45BHIIN4QXJ6NPKCO5SGM2TF3IZ2
186,1515210,MACHENIKE,10,"QINGDAO THUNDEROBOT TECHNOLOGY CO., LTD.",https://euipo.europa.eu/copla/thumbnail/GGIVU4WGEGD2LJBLYJY6ACUKPYLCN54ZRSFUTCCRFRIWMU5DB45EN3K4LCDKUWAUSYMER56S2S5CC
187,1573357,CARL VON LINNÉKLINIKEN,"10, 42, 44",Carl von Linné Kliniken Handelsbolag,No Image
188,1768357,NIKEVRY,5,NOVARTIS AG,No Image
189,1823764,OMNIKEY,"9, 38, 42",OMNIKEY AG,No Image
190,3111093,BRUCKNER SYMPHONIKER,"16, 38, 41",Oö. Theater und Orchester GmbH,No Image
191,4284311,MONTANIKE,"29, 30, 31","MONTANIKE BEHEER, BV",https://euipo.europa.eu/copla/thumbnail/GGIVU4WGEGD2LJBLYJY6ACUKP266YKCNR2JU7FNJMSAFOAODEVIRCDYJ6PVPSLQ65QQIF3WVJSA7W
192,5036009,PIERRE DENIKER,"35, 36, 41, 42, 44",Fondation Pierre Deniker,No Image
193,5058029,NIKE RECOVERY,25,NIKE Innovate C.V.,No Image
194,5385554,INIKER,"5, 10","Advanced Science and Technology, S.L.",No Image
195,5385919,INIKER FILL,"3, 5, 10","Advanced Science and Technology, S.L.",No Image
196,5385984,INIKER JET,"3, 5, 10","Advanced Science and Technology, S.L.",No Image
197,5712203,NIKESTORE,"18, 25, 35",NIKE Innovate C.V.,No Image
198,5733795,NIKEGOLF,"9, 14, 18, 24, 25, 35, 36, 41",NIKE Innovate C.V.,https://euipo.europa.eu/copla/thumbnail/GGIVU4WGEGD2LJBLYJY6ACUKPZFXGD4B6MWNXYL5ZAH6AYIL5ZEMN7SU55DDFFMG4YXVP2TK6E46I
199,6058606,NIKEID.,35,NIKE Innovate C.V.,No Image
200,6231435,symphony philharmoniker www.SYMPHONY-FLOOR.COM,19,Meyer Parkett GmbH,https://euipo.europa.eu/copla/thumbnail/GGIVU4WGEGD2LJBLYJY6ACUKP3STKASGLI2AG7OANZ5LJ5ILVLBGSHYVONAYS2I5YBAH6JX4SH6GS
201,6444831,NIKE SHOX,25,NIKE Innovate C.V.,No Image
202,6451331,NIKEFIT,24,NIKE Innovate C.V.,No Image
203,6819321,NIKEWOMEN,"18, 25, 35",NIKE Innovate C.V.,No Image
204,7201205,NIKE AEROGRAPHICS,"24, 25, 35",NIKE Innovate C.V.,No Image
205,7554637,NIKE PRO COMBAT,25,NIKE Innovate C.V.,No Image
206,8117715,NIKE GRIND,"19, 25, 27",NIKE Innovate C.V.,No Image
207,8262735,WIENER PHILHARMONIKER,"8, 9, 14, 16, 21, 25, 35, 38, 41",Wiener Philharmoniker e.V.,No Image
208,8529091,Die Elbphilharmoniker,"9, 16, 38, 41",HamburgMusik gGmbH,No Image
209,8608036,Bamberger Symphoniker,"9, 16, 41",Stiftung Bamberger Symphoniker Bayerische Staatsphilharmonie,No Image
210,8871915,NIKE,35,NIKE Innovate C.V.,No Image
211,9022385,NIKE5,25,NIKE Innovate C.V.,No Image
212,9043019,NIKE BETTER WORLD,"35, 41",NIKE Innovate C.V.,No Image
213,9158205,NIKE PRO HYPERCOOL,25,NIKE Innovate C.V.,No Image
214,9241043,NIKEFUEL,"9, 38, 41, 42",NIKE Innovate C.V.,No Image
215,9384801,UniKey,9,SecuTech Solution Inc.,https://euipo.europa.eu/copla/thumbnail/GGIVU4WGEGD2LJBLYJY6ACUKPYAKYLUC3OKTBFWWBLUAGFCOSH7APDUBT7JICB7UMNOMHR7ZDTSXM
216,9388935,Sensomotorik Techniker,"10, 25, 35, 37, 40, 42, 44",footpower Service GmbH,https://euipo.europa.eu/copla/thumbnail/GGIVU4WGEGD2LJBLYJY6ACUKPYAKYLUC3OKTBFWWBLUAGFCOSH7GOQISAGKWGOT4QZHUYEOCEOELK
217,9630153,NIKE,"7, 8, 12",Rehobot  Hydraulics AB,No Image
218,9873613,UNIKE JEWELLERY,14,"PLANET JEWELRY - ARTIGOS DE JOALHARIA, LDA",https://euipo.europa.eu/copla/thumbnail/GGIVU4WGEGD2LJBLYJY6ACUKPYAKYLUC3OKTBFWWBLUAGFCOSH7JUJY5I3FL2UYBIFPBUBJOWEWTM
219,9959255,è ALPHABETA KONTA STèN ELLèNIKè Gè,"29, 30, 31, 32, 33",Delhaize Le Lion/De Leeuw,https://euipo.europa.eu/copla/thumbnail/GGIVU4WGEGD2LJBLYJY6ACUKPYAKYLUC3OKTBFWWBLUAGFCOSH7LRQHZD7CLLLJJROJX7YOZENOEI
220,10032977,TK Techniker Krankenkasse Gesund in die Zukunft.,"36, 41, 44",Techniker Krankenkasse (TK),https://euipo.europa.eu/copla/thumbnail/GGIVU4WGEGD2LJBLYJY6ACUKP3VAOGXK32MUOQNMPTR5R2WM5KYOQHQWIAAX4XVHMOX756VI6PLN4
221,10483444,"pace Parti des citoyens européens, AISBL - Partei der Europäischen Bürger/Bürgerinnen - Party of the Citizens of Europe Europæiske Borgeres Parti - Partido de los Ciudadanos Europeos ",45,"Parti des Citoyens Européens (PACE), AISBL",https://euipo.europa.eu/copla/thumbnail/GGIVU4WGEGD2LJBLYJY6ACUKP3VAOGXK32MUOQNMPTR5R2WM5KYMFI2EBFP4JY3YMGU77U4VIZ2L2
222,10616852,IK4 TEKNIKER Research Alliance,"9, 42",FUNDACION TEKNIKER,https://euipo.europa.eu/copla/thumbnail/GGIVU4WGEGD2LJBLYJY6ACUKP3VAOGXK32MUOQNMPTR5R2WM5KYND7SACRKXN7AY6O57MFLZVAVRO
223,10616928,NIKEFUEL,"9, 10, 14",NIKE Innovate C.V.,No Image
224,10687713,NIKE+ SPORT,"9, 25",NIKE Innovate C.V.,No Image
225,10687739,NIKE+ BASKETBALL,"9, 25",NIKE Innovate C.V.,No Image
226,10687788,NIKE+ TRAINING,"9, 25",NIKE Innovate C.V.,No Image
227,10807428,PANIKE MOMENTS DESDE 1986,30,Panike SA - Indústria de Produtos Ultracongelados SA,https://euipo.europa.eu/copla/thumbnail/GGIVU4WGEGD2LJBLYJY6ACUKP3VAOGXK32MUOQNMPTR5R2WM5KYDB5YN2OMJIQRHUZTOAWHAIIZCQ
228,10953362,NIKESKIN,25,NIKE Innovate C.V.,No Image
229,11003597,Unikliniken Köln,"16, 41, 44",Universitätsklinikum Köln Anstalt des öffentlichen Rechts des Landes NRW,No Image
230,11498862,NIKE TRACK CLUB,"18, 25, 35",NIKE Innovate C.V.,No Image
231,11529971,Miniket,7,Janser GmbH,No Image
232,11711272,WIENER SYMPHONIKER,"9, 16, 41",Wiener Symphoniker,No Image
233,12101689,NIKE,9,NIKE Innovate C.V.,No Image
234,12274098,FENIKEL,"6, 7, 12",Usui Kokusai Sangyo Kaisha,No Image
235,12600128,NIKE AEROLOFT,"18, 25, 35",NIKE Innovate C.V.,No Image
236,12930236,NIKE+ FUELCOACH,"9, 35, 38, 41, 42, 45",NIKE Innovate C.V.,No Image
237,13005434,PNIKER,"9, 12, 16, 18, 25, 28, 35, 38, 39, 41, 42",Thibault DE GHELLINK DELSEGHEM,No Image
238,13072988,NIKE AIR VAPORMAX,25,NIKE Innovate C.V.,No Image
239,13092465,NIKE CLEARANCE STORE,35,NIKE Innovate C.V.,No Image
240,13146725,NIKE AIR,"18, 25, 28",NIKE Innovate C.V.,https://euipo.europa.eu/copla/thumbnail/GGIVU4WGEGD2LJBLYJY6ACUKP2D6IUAFWEL2LIF5UHRJ7XS3UJP5DUWYGPUOCZSMJKFM2GDO6MOMS
241,13176681,CHARL HEYNIKE,"14, 18, 20, 24, 25, 40",Charl Heynike,No Image
242,13265161,BERLINER PHILHARMONIKER,"9, 38, 41",Stiftung Berliner Philharmoniker,No Image
243,13463054,JENIKE &amp; JOHANSON,42,"Jenike &amp; Johanson Global, Inc.",No Image
244,13491758,NIKE AEROSHIELD,"18, 25, 35",NIKE Innovate C.V.,No Image
245,13725965,Kenike KIDS,"3, 18, 25","Guangzhou Qiyang Shoes Co., LTD.",https://euipo.europa.eu/copla/thumbnail/GGIVU4WGEGD2LJBLYJY6ACUKP2D6IUAFWEL2LIF5UHRJ7XS3UJPSOWGO7GDJRDMD3UM7OS5IETE2G
246,13784021,NIKE,31,"AGRUPACION SUNAMAR, S.L.",https://euipo.europa.eu/copla/thumbnail/GGIVU4WGEGD2LJBLYJY6ACUKP2D6IUAFWEL2LIF5UHRJ7XS3UJPQLGPNDJHXBQ5XATADKXHYEORSE
247,14296991,NIKE LUNAR,25,NIKE Innovate C.V.,No Image
248,14353247,NIKE ROSHE,25,NIKE Innovate C.V.,No Image
249,14433403,AIR HUARACHE BY NIKE,"18, 25, 35",NIKE Innovate C.V.,https://euipo.europa.eu/copla/thumbnail/GGIVU4WGEGD2LJBLYJY6ACUKP22D5TH4HWBU7ERIQHFIMFEQUQOC2OG23FK26Z3IV3NVFPHPAFDOY
250,14840896,Wiener Philharmoniker 1842&nbsp; bePHILHARMONIC&nbsp; CONTEST 2016,"9, 16, 38, 41",Wiener Philharmoniker e.V.,https://euipo.europa.eu/copla/thumbnail/GGIVU4WGEGD2LJBLYJY6ACUKP22D5TH4HWBU7ERIQHFIMFEQUQOD4GK27A3SFJIKUVNZ4AV7ADHSO
251,15100142,MINUTKLINIKEN,"9, 16, 35, 41, 42, 44",Apotek Hjärtat AB,No Image
252,15101066,minutkliniken,"9, 16, 35, 41, 42, 44",Apotek Hjärtat AB,https://euipo.europa.eu/copla/thumbnail/GGIVU4WGEGD2LJBLYJY6ACUKPZ6UO3JD7WNBUUFWG4IW56GENJKUUHC2OD5YTGDKF3U6IIRB4NYNI
253,15171788,NTC Nike Training Club,"9, 25, 35, 41",NIKE Innovate C.V.,https://euipo.europa.eu/copla/thumbnail/GGIVU4WGEGD2LJBLYJY6ACUKPZ6UO3JD7WNBUUFWG4IW56GENJK2K4WP2K4ES3TCAXRKPW4FT3EK4
254,15214448,UNIKERIS,"5, 42, 44",Unikeris Limited,No Image
255,15225725,NIKE AEROSWIFT,"18, 25, 28",NIKE Innovate C.V.,No Image
256,15582216,Sminiker,"8, 9, 28",Shen Zhen Shi Hao Wei Yun Cheng Ke Ji You Xian Gong Si,No Image
257,15827231,NIKE HYPERSTRONG,"18, 25, 41",NIKE Innovate C.V.,No Image
258,15960701,NIKEL PRIVÉ,3,Mirjana Brlečić,https://euipo.europa.eu/copla/thumbnail/GGIVU4WGEGD2LJBLYJY6ACUKPZ6UO3JD7WNBUUFWG4IW56GENJKQ5AWQIFJ3IKH6ZXSQQBBISABUS
259,16026353,NIKE,41,NIKE Innovate C.V.,No Image
260,16207111,NIKEN,12,Yamaha Hatsudoki Kabushiki Kaisha,No Image
261,16490054,AK AKADEMIKLINIKEN,"3, 5, 41, 42, 44",Akademikliniken HJ Holding AB,https://euipo.europa.eu/copla/thumbnail/GGIVU4WGEGD2LJBLYJY6ACUKPYSPRVBAQOOSZM42O7SI2WJYHBCQREUCIK2RKQRX6LGGKERCOCDIE
262,16661142,NIKE,"7, 8, 9, 12",Rehobot  Hydraulics AB,No Image
263,16768418,NIKE JOYRIDE,25,NIKE Innovate C.V.,No Image
264,17127929,Tiniker,"9, 25, 28",Xinliang Yu,No Image
265,17375155,komunikea,"35, 41",ALEJANDRO CARRETERO GARCIA,https://euipo.europa.eu/copla/thumbnail/GGIVU4WGEGD2LJBLYJY6ACUKPYV7S2XYV2IHZESYS2KSFIGKWMM53SH5OO6XI5FHUFVCMJEOMCCGM
266,17647199,AONIKE,"9, 35",Huqin Huang,https://euipo.europa.eu/copla/thumbnail/GGIVU4WGEGD2LJBLYJY6ACUKPYV7S2XYV2IHZESYS2KSFIGKWMMWIYND2VFM3IDMQ3SZ3Q4GZ3HWU
267,17769175,CM Philharmoniker Ball,"35, 41, 43",Kristina Bach,No Image
268,17945255,BERLINER SYMPHONIKER,"9, 16, 41",BEROLINA-ORCHESTER e.V. BERLINER SYMPHONIKER,No Image
269,17945256,BERLINER SYMPHONIKER,"9, 16, 41",BEROLINA-ORCHESTER e.V. BERLINER SYMPHONIKER,https://euipo.europa.eu/copla/thumbnail/GGIVU4WGEGD2LJBLYJY6ACUKPYV7S2XYV2IHZESYS2KSFIGKWMMQG2W5VWN2M7XKWYNTEK7MQQHRA
270,17953294,Syonike,9,"Shenzhen Lv Di Si Technology Co., Ltd",No Image
271,17964315,NIKE RTNA,"18, 25",NIKE Innovate C.V.,No Image
272,17967285,NIKECONNECT,9,NIKE Innovate C.V.,No Image
273,17967447,PERITUSKLINIKEN,"35, 42, 44",Perituskliniken AB,No Image
274,17968330,NIKECONNECT,25,NIKE Innovate C.V.,https://euipo.europa.eu/copla/thumbnail/GGIVU4WGEGD2LJBLYJY6ACUKPYV7S2XYV2IHZESYS2KSFIGKWMM2VFMQ4LOQQCE2PUOULSZJYSEJU
275,17976242,Unike,"5, 10",Köhler Pharma GmbH,No Image
276,17980838,etxenike,29,"M. ETXENIKE, S.A.",https://euipo.europa.eu/copla/thumbnail/GGIVU4WGEGD2LJBLYJY6ACUKPYV7S2XYV2IHZESYS2KSFIGKWMM6FD4N2AFPJJR5AENUXMGBMCPEU
277,18007186,EK EleniKey,"29, 30, 33",Jean Georges Ghenossis-Vagenas,https://euipo.europa.eu/copla/thumbnail/GGIVU4WGEGD2LJBLYJY6ACUKPZHJDQXWIZJLOY4DXNLCCIW7U45YGLXAVANK6QFDFULMZ2KNVO4N6
278,18028334,SLMKLINIKEN,"3, 5, 10, 41, 44",Maria Petersson,No Image
279,18037092,NIKE BY YOU,"35, 42",NIKE Innovate C.V.,No Image
280,18061156,iuniker,9,"Shenzhen Tongyu Technology Co., Ltd.",No Image
281,18070778,Ranikeer,"14, 20, 21","Zhengzhou NaTeEr Import and Export Trade Co., Ltd.",No Image
282,18094169,NIKEVRY,5,Novartis AG,No Image
283,18126224,"P/S ""Sniķeri"", Jumurdas pag., Ērgļu novads, t. 29135515 Kaziņas Bonijas siers www.bonijassiers.lv",29,Santa Lasmane-Radzvilaviča,https://euipo.europa.eu/copla/thumbnail/GGIVU4WGEGD2LJBLYJY6ACUKPZHJDQXWIZJLOY4DXNLCCIW7U452FSIDMH6IRJIMAXWZNX4XXT2KK
284,18183856,Titanikel,7,HYWAY MIT CORPORATION,No Image
285,18188707,BERLINER PHILHARMONIKER RECORDINGS,"9, 41",Stiftung Berliner Philharmoniker,No Image
286,18212438,NIKEEYEN,11,Shenzhen KaiYaSheng Technology Co Ltd,No Image
287,18240898,etniké,30,Fratelli Pagani SpA,https://euipo.europa.eu/copla/thumbnail/GGIVU4WGEGD2LJBLYJY6ACUKPZHJDQXWIZJLOY4DXNLCCIW7U453T5QFM4PXPYWLM4FDMDUPPRQYY
288,18275107,YOUNIKE,"11, 20",Tao Yang,No Image
289,18278539,SANIKEM,5,ITALKEM S.R.L.,No Image
290,18285590,Weltroniker,35,Weltron Elektronik GmbH,No Image
291,18326927,CCE Ziviltechniker GmbH,"37, 42",CCE Ziviltechniker GmbH,https://euipo.europa.eu/copla/thumbnail/GGIVU4WGEGD2LJBLYJY6ACUKPZHJDQXWIZJLOY4DXNLCCIW7U454YX7YRFS7KPDMVVHONDKR7Z77Q
292,18350942,FINIKEM,"1, 2, 3, 5, 42",FGL International S.p.A.,No Image
293,18466064,LIBERMENTA Kliniken,"5, 35, 44",BühlerHealthCare AG,No Image
294,18466066,LIBERMENTA Kliniken Leben erleben,"5, 35, 44",BühlerHealthCare AG,https://euipo.europa.eu/copla/thumbnail/GGIVU4WGEGD2LJBLYJY6ACUKPZHJDQXWIZJLOY4DXNLCCIW7U45YJDYYJQR425WGRO37PKS5V4J42
295,18467456,Nikeiy,"6, 8",Wenzhou Boju International Trade Co. Ltd,https://euipo.europa.eu/copla/thumbnail/GGIVU4WGEGD2LJBLYJY6ACUKPZHJDQXWIZJLOY4DXNLCCIW7U45TS5RUZUEEOCV7KE6KKM2OLDKZ2
296,18504948,SANIKEM,"1, 5, 16, 40",Kemind S.r.l.,No Image
297,18507097,TechnikElfe,42,Sara Menzel-Berger,https://euipo.europa.eu/copla/thumbnail/GGIVU4WGEGD2LJBLYJY6ACUKPZHJDQXWIZJLOY4DXNLCCIW7U45YQ6KRD6ANLBBBB5IGGEEHQULXE
298,18530887,Tranike,"9, 10, 21","Shenzhen Xinyi Technology Co., Ltd.",No Image
299,18554274,PANIKE,"29, 30, 35","PANIKE - INDÚSTRIA DE PRODUTOS ALIMENTARES CONGELADOS, S.A.",No Image
300,18554609,DSGVO Datenschutz Ziviltechniker GmbH - Wir schützen Ihre Daten -,"42, 45",DSGVO-ZT GmbH,https://euipo.europa.eu/copla/thumbnail/GGIVU4WGEGD2LJBLYJY6ACUKPZHJDQXWIZJLOY4DXNLCCIW7U45SYCMR6L4L6TDBD6K7S3ADWLQ5E
301,18586664,NIKE,"9, 35, 41",NIKE Innovate C.V.,https://euipo.europa.eu/copla/thumbnail/GGIVU4WGEGD2LJBLYJY6ACUKPZHJDQXWIZJLOY4DXNLCCIW7U45SHROLGKTR55CCW3OHEGIQTPAVK
302,18586666,NIKE,"9, 35, 41",NIKE Innovate C.V.,No Image
303,18605923,NIKELAND,"9, 25, 35, 41, 42",NIKE Innovate C.V.,No Image
304,18623025,T TEKNIKER MEMBER OF BASQUE RESEARCH &amp; TECHNOLOGY ALLIANCE,"7, 9, 37, 40, 41, 42",FUNDACION TEKNIKER,https://euipo.europa.eu/copla/thumbnail/GGIVU4WGEGD2LJBLYJY6ACUKPZHJDQXWIZJLOY4DXNLCCIW7U452JLEFHCTEKBIRITP6UHD2VBIPC
305,18674218,Atomos Kliniken,"35, 36",Atomos-Kliniken GmbH,No Image
306,18678896,NIKEDEM,"29, 30",Andrea Ursula Grün,No Image
307,18689924,ETXENIKE KUTXARA,29,"M. ETXENIKE, S.A.",No Image
308,18725918,nikelX Account Based Ticketing,"9, 25, 35, 38, 39, 42","Michael Weber, Olga White, Demuth Business Partner",https://euipo.europa.eu/copla/thumbnail/GGIVU4WGEGD2LJBLYJY6ACUKPZHJDQXWIZJLOY4DXNLCCIW7U45QGYQ5EK5N7QNHVP7RVHE6Y6PBO
309,18736251,NIKE GO,25,NIKE Innovate C.V.,No Image
310,18736252,NIKE ZENVY,25,NIKE Innovate C.V.,No Image
311,18736254,NIKE UNIVERSA,25,NIKE Innovate C.V.,No Image
312,18764903,Siphoniker,"6, 11, 17, 19",HL Hutterer &amp; Lechner GmbH,No Image
313,18764904,SIPHONIKER,"6, 11, 17, 19",HL Hutterer &amp; Lechner GmbH,https://euipo.europa.eu/copla/thumbnail/GGIVU4WGEGD2LJBLYJY6ACUKPZHJDQXWIZJLOY4DXNLCCIW7U45VAFLB54GY54XBY2H6OIBJKPY7S
314,18811349,TIM DOSTARCZAMY ELEKTROTECHNIKĘ PROFESJONALISTOM,"35, 37, 39, 41, 42",TIM S.A.,https://euipo.europa.eu/copla/thumbnail/GGIVU4WGEGD2LJBLYJY6ACUKPZHJDQXWIZJLOY4DXNLCCIW7U45RWV4THYJKZXHE53FJVKR7FQX72
315,18848142,NIKE MOTIVA,25,NIKE Innovate C.V.,No Image
316,18857586,NIKE INVINCIBLE,25,NIKE Innovate C.V.,No Image
317,18865557,NIKE CRATER,25,NIKE Innovate C.V.,No Image
318,18866819,NIKE,"7, 10, 12, 14, 21, 26, 27, 41, 42",NIKE Innovate C.V.,No Image
319,18871826,Genikeer,"21, 28","Guangzhou Jingxiao Network Technology Co., Ltd.",No Image
320,18880415,NORDISKA KLINIKEN,"3, 44",Nordiska Kliniken,https://euipo.europa.eu/copla/thumbnail/GGIVU4WGEGD2LJBLYJY6ACUKPZHJDQXWIZJLOY4DXNLCCIW7U45TJOE77CBL4BIGPA2SULBQVCGCI
321,18881419,NIKE STRIDE,25,NIKE Innovate C.V.,No Image
322,18886839,Laklinike,"3, 5, 35, 44",Haitham Abu Kahdijeh and his Partners Company,https://euipo.europa.eu/copla/thumbnail/GGIVU4WGEGD2LJBLYJY6ACUKPZHJDQXWIZJLOY4DXNLCCIW7U45ZHHSY5N34X4YEBSZRYE4BRMNVS
323,18899582,KONCEPT kliniken,44,Koncept kliniken beauty AB,https://euipo.europa.eu/copla/thumbnail/GGIVU4WGEGD2LJBLYJY6ACUKPZHJDQXWIZJLOY4DXNLCCIW7U45VS42MOHANDQZOCI3KZVVBJVDWS
324,18943239,MACHENIKE,9,"QINGDAO THUNDEROBOT TECHNOLOGY CO., LTD.",https://euipo.europa.eu/copla/thumbnail/GGIVU4WGEGD2LJBLYJY6ACUKPZHJDQXWIZJLOY4DXNLCCIW7U45XU4QUGFJJNDNI5OYHRVGV3OI4M
325,18958093,LAINIKE,21,"Guangzhou Lainike Trading Co., Ltd.",No Image
326,18985382,MONIKER,36,Visa International Service Association,No Image
327,18989986,Organiker KERATIN TREATMENT,"3, 35",SAGA PROFESIONAL S.L.,https://euipo.europa.eu/copla/thumbnail/GGIVU4WGEGD2LJBLYJY6ACUKPZHJDQXWIZJLOY4DXNLCCIW7U453GM6CV63SUF7LOA25QJMLZELTO
328,19006500,NANIKEOLA,"9, 14, 16, 28, 35, 41, 42",Susanne Korntner,https://euipo.europa.eu/copla/thumbnail/GGIVU4WGEGD2LJBLYJY6ACUKPY5X7OI6A3KZCQBHDBUZ4FR2OF35AW6C6H2DFVKWJ3IYJVFIY6DRA
329,19017718,CogniKEY,"41, 44",Brain Training Center S.R.L.,https://euipo.europa.eu/copla/thumbnail/GGIVU4WGEGD2LJBLYJY6ACUKPY5X7OI6A3KZCQBHDBUZ4FR2OF3SGG7QDDSZOUC3DLKDE4JUKXP6O
330,19023991,TZMengNiKe,"11, 21","Shenzhen MengNiKe Trading Co., Ltd.",No Image
331,19052244,Sensomotorik Techniker,41,footpower Service GmbH,https://euipo.europa.eu/copla/thumbnail/GGIVU4WGEGD2LJBLYJY6ACUKPY5X7OI6A3KZCQBHDBUZ4FR2OF3YGV2XDKIMZIWKJCJWRYQY6EMSW
332,19074876,UNIKEYBOX,"7, 8",Linmao Pan,No Image
333,19085235,Anikers,11,"Shenzhen Ouyitong E-commerce Co., Ltd.",No Image
334,277731,NIKE F.I.T.,"16, 25, 28",NIKE Innovate C.V.,No Image
335,277889,NIKE,"9, 14, 18, 25, 28, 42",NIKE Innovate C.V.,https://euipo.europa.eu/copla/thumbnail/GGIVU4WGEGD2LJBLYJY6ACUKPYZRFSKDTNU72DSNSWOLH2XP3BK7N62FXKEDBAFXVRJ2ERG6TLD3U
336,278028,NIKE,"9, 14, 18, 25, 28, 42",NIKE Innovate C.V.,No Image
337,278093,NIKE TOWN,"18, 25, 42",NIKE Innovate C.V.,No Image
338,469353,WIENER PHILHARMONIKER,14,"Münze Österreich Aktiengesellschaft, Wiener Philharmoniker e.V.",No Image
339,471516,PHILHARMONIKER,14,Münze Österreich Aktiengesellschaft,No Image
340,723924,Münchner Philharmoniker,"9, 14, 16, 18, 21, 24, 28, 38, 40, 41, 42","LANDESHAUPTSTADT MÜNCHEN, Münchner Philharmoniker (GbR)",No Image
341,811539,NIKEMA,7,NIKEMA S.R.L.,https://euipo.europa.eu/copla/thumbnail/GGIVU4WGEGD2LJBLYJY6ACUKPYZRFSKDTNU72DSNSWOLH2XP3BKRLFEUQOSL5S2JY7FEMHKDOYD7C
342,827824,nike,"18, 25, 28",NIKE Innovate C.V.,https://euipo.europa.eu/copla/thumbnail/GGIVU4WGEGD2LJBLYJY6ACUKPYZRFSKDTNU72DSNSWOLH2XP3BKU6OKNUW3LK7SR2YQXGOXG5WQQY
343,866764,NIKEFREE,25,"Nike Innovate C.V., a limited partnership",No Image
344,883894,NIKE FREE,25,"Nike Innovate C.V., a limited partnership",No Image
345,1071422,NIKE GOLF,"18, 24, 25, 28",NIKE Innovate C.V.,https://euipo.europa.eu/copla/thumbnail/GGIVU4WGEGD2LJBLYJY6ACUKP3JVA4LOVDE4QXANVYQFHDJC72J37H7ZJUATSWB7K5JEOC42VPPIY
346,1073941,BERLINER PHILHARMONIKER,"9, 38, 41",Stiftung Berliner Philharmoniker,https://euipo.europa.eu/copla/thumbnail/GGIVU4WGEGD2LJBLYJY6ACUKPYLCN54ZRSFUTCCRFRIWMU5DB45OVONLZWDWNACOCO3LVZ6XG6CF6
347,1228113,UNIKEY,9,"UNIKEY ELECTRONICS CO., LTD.",https://euipo.europa.eu/copla/thumbnail/GGIVU4WGEGD2LJBLYJY6ACUKP3JVA4LOVDE4QXANVYQFHDJC72J4V4QHAZIH62GYG26C447TDNWGO
348,1247693,Kliniken Schmieder,"16, 42, 44",Kliniken Schmieder (Stiftung &amp; Co.) KG,No Image
349,1319107,BOTTERSNIKES AND GUMBLES,"9, 16, 18, 21, 24, 25, 28, 41, 45",Cheeky Little Media Pty Ltd,No Image
350,1322712,UNIKEG,"6, 16, 20",Eurokeg B.V.,https://euipo.europa.eu/copla/thumbnail/GGIVU4WGEGD2LJBLYJY6ACUKPYLCN54ZRSFUTCCRFRIWMU5DB45GCPJD72ZDVCKTKUODTFH2HXLFC
351,1397267,MACHENIKE,35,"QINGDAO THUNDEROBOT TECHNOLOGY CO., LTD.",https://euipo.europa.eu/copla/thumbnail/GGIVU4WGEGD2LJBLYJY6ACUKPYLCN54ZRSFUTCCRFRIWMU5DB45IJSUE3C46MTCAX57L7GOYYOXEG
352,1410532,MACHENIKE,42,"QINGDAO THUNDEROBOT TECHNOLOGY CO., LTD.",https://euipo.europa.eu/copla/thumbnail/GGIVU4WGEGD2LJBLYJY6ACUKPYLCN54ZRSFUTCCRFRIWMU5DB45BHIIN4QXJ6NPKCO5SGM2TF3IZ2
353,1515210,MACHENIKE,10,"QINGDAO THUNDEROBOT TECHNOLOGY CO., LTD.",https://euipo.europa.eu/copla/thumbnail/GGIVU4WGEGD2LJBLYJY6ACUKPYLCN54ZRSFUTCCRFRIWMU5DB45EN3K4LCDKUWAUSYMER56S2S5CC
354,1573357,CARL VON LINNÉKLINIKEN,"10, 42, 44",Carl von Linné Kliniken Handelsbolag,No Image
355,1768357,NIKEVRY,5,NOVARTIS AG,No Image
356,1823764,OMNIKEY,"9, 38, 42",OMNIKEY AG,No Image
357,3111093,BRUCKNER SYMPHONIKER,"16, 38, 41",Oö. Theater und Orchester GmbH,No Image
358,4284311,MONTANIKE,"29, 30, 31","MONTANIKE BEHEER, BV",https://euipo.europa.eu/copla/thumbnail/GGIVU4WGEGD2LJBLYJY6ACUKP266YKCNR2JU7FNJMSAFOAODEVIRCDYJ6PVPSLQ65QQIF3WVJSA7W
359,5036009,PIERRE DENIKER,"35, 36, 41, 42, 44",Fondation Pierre Deniker,No Image
360,5058029,NIKE RECOVERY,25,NIKE Innovate C.V.,No Image
361,5385554,INIKER,"5, 10","Advanced Science and Technology, S.L.",No Image
362,5385919,INIKER FILL,"3, 5, 10","Advanced Science and Technology, S.L.",No Image
363,5385984,INIKER JET,"3, 5, 10","Advanced Science and Technology, S.L.",No Image
364,5712203,NIKESTORE,"18, 25, 35",NIKE Innovate C.V.,No Image
365,5733795,NIKEGOLF,"9, 14, 18, 24, 25, 35, 36, 41",NIKE Innovate C.V.,https://euipo.europa.eu/copla/thumbnail/GGIVU4WGEGD2LJBLYJY6ACUKPZFXGD4B6MWNXYL5ZAH6AYIL5ZEMN7SU55DDFFMG4YXVP2TK6E46I
366,6058606,NIKEID.,35,NIKE Innovate C.V.,No Image
367,6231435,symphony philharmoniker www.SYMPHONY-FLOOR.COM,19,Meyer Parkett GmbH,https://euipo.europa.eu/copla/thumbnail/GGIVU4WGEGD2LJBLYJY6ACUKP3STKASGLI2AG7OANZ5LJ5ILVLBGSHYVONAYS2I5YBAH6JX4SH6GS
368,6444831,NIKE SHOX,25,NIKE Innovate C.V.,No Image
369,6451331,NIKEFIT,24,NIKE Innovate C.V.,No Image
370,6819321,NIKEWOMEN,"18, 25, 35",NIKE Innovate C.V.,No Image
371,7201205,NIKE AEROGRAPHICS,"24, 25, 35",NIKE Innovate C.V.,No Image
372,7554637,NIKE PRO COMBAT,25,NIKE Innovate C.V.,No Image
373,8117715,NIKE GRIND,"19, 25, 27",NIKE Innovate C.V.,No Image
374,8262735,WIENER PHILHARMONIKER,"8, 9, 14, 16, 21, 25, 35, 38, 41",Wiener Philharmoniker e.V.,No Image
375,8529091,Die Elbphilharmoniker,"9, 16, 38, 41",HamburgMusik gGmbH,No Image
376,8608036,Bamberger Symphoniker,"9, 16, 41",Stiftung Bamberger Symphoniker Bayerische Staatsphilharmonie,No Image
377,8871915,NIKE,35,NIKE Innovate C.V.,No Image
378,9022385,NIKE5,25,NIKE Innovate C.V.,No Image
379,9043019,NIKE BETTER WORLD,"35, 41",NIKE Innovate C.V.,No Image
380,9158205,NIKE PRO HYPERCOOL,25,NIKE Innovate C.V.,No Image
381,9241043,NIKEFUEL,"9, 38, 41, 42",NIKE Innovate C.V.,No Image
382,9384801,UniKey,9,SecuTech Solution Inc.,https://euipo.europa.eu/copla/thumbnail/GGIVU4WGEGD2LJBLYJY6ACUKPYAKYLUC3OKTBFWWBLUAGFCOSH7APDUBT7JICB7UMNOMHR7ZDTSXM
383,9388935,Sensomotorik Techniker,"10, 25, 35, 37, 40, 42, 44",footpower Service GmbH,https://euipo.europa.eu/copla/thumbnail/GGIVU4WGEGD2LJBLYJY6ACUKPYAKYLUC3OKTBFWWBLUAGFCOSH7GOQISAGKWGOT4QZHUYEOCEOELK
384,9630153,NIKE,"7, 8, 12",Rehobot  Hydraulics AB,No Image
385,9873613,UNIKE JEWELLERY,14,"PLANET JEWELRY - ARTIGOS DE JOALHARIA, LDA",https://euipo.europa.eu/copla/thumbnail/GGIVU4WGEGD2LJBLYJY6ACUKPYAKYLUC3OKTBFWWBLUAGFCOSH7JUJY5I3FL2UYBIFPBUBJOWEWTM
386,9959255,è ALPHABETA KONTA STèN ELLèNIKè Gè,"29, 30, 31, 32, 33",Delhaize Le Lion/De Leeuw,https://euipo.europa.eu/copla/thumbnail/GGIVU4WGEGD2LJBLYJY6ACUKPYAKYLUC3OKTBFWWBLUAGFCOSH7LRQHZD7CLLLJJROJX7YOZENOEI
387,10032977,TK Techniker Krankenkasse Gesund in die Zukunft.,"36, 41, 44",Techniker Krankenkasse (TK),https://euipo.europa.eu/copla/thumbnail/GGIVU4WGEGD2LJBLYJY6ACUKP3VAOGXK32MUOQNMPTR5R2WM5KYOQHQWIAAX4XVHMOX756VI6PLN4
388,10483444,"pace Parti des citoyens européens, AISBL - Partei der Europäischen Bürger/Bürgerinnen - Party of the Citizens of Europe Europæiske Borgeres Parti - Partido de los Ciudadanos Europeos ",45,"Parti des Citoyens Européens (PACE), AISBL",https://euipo.europa.eu/copla/thumbnail/GGIVU4WGEGD2LJBLYJY6ACUKP3VAOGXK32MUOQNMPTR5R2WM5KYMFI2EBFP4JY3YMGU77U4VIZ2L2
389,10616852,IK4 TEKNIKER Research Alliance,"9, 42",FUNDACION TEKNIKER,https://euipo.europa.eu/copla/thumbnail/GGIVU4WGEGD2LJBLYJY6ACUKP3VAOGXK32MUOQNMPTR5R2WM5KYND7SACRKXN7AY6O57MFLZVAVRO
390,10616928,NIKEFUEL,"9, 10, 14",NIKE Innovate C.V.,No Image
391,10687713,NIKE+ SPORT,"9, 25",NIKE Innovate C.V.,No Image
392,10687739,NIKE+ BASKETBALL,"9, 25",NIKE Innovate C.V.,No Image
393,10687788,NIKE+ TRAINING,"9, 25",NIKE Innovate C.V.,No Image
394,10807428,PANIKE MOMENTS DESDE 1986,30,Panike SA - Indústria de Produtos Ultracongelados SA,https://euipo.europa.eu/copla/thumbnail/GGIVU4WGEGD2LJBLYJY6ACUKP3VAOGXK32MUOQNMPTR5R2WM5KYDB5YN2OMJIQRHUZTOAWHAIIZCQ
395,10953362,NIKESKIN,25,NIKE Innovate C.V.,No Image
396,11003597,Unikliniken Köln,"16, 41, 44",Universitätsklinikum Köln Anstalt des öffentlichen Rechts des Landes NRW,No Image
397,11498862,NIKE TRACK CLUB,"18, 25, 35",NIKE Innovate C.V.,No Image
398,11529971,Miniket,7,Janser GmbH,No Image
399,11711272,WIENER SYMPHONIKER,"9, 16, 41",Wiener Symphoniker,No Image
400,12101689,NIKE,9,NIKE Innovate C.V.,No Image
401,12274098,FENIKEL,"6, 7, 12",Usui Kokusai Sangyo Kaisha,No Image
402,12600128,NIKE AEROLOFT,"18, 25, 35",NIKE Innovate C.V.,No Image
403,12930236,NIKE+ FUELCOACH,"9, 35, 38, 41, 42, 45",NIKE Innovate C.V.,No Image
404,13005434,PNIKER,"9, 12, 16, 18, 25, 28, 35, 38, 39, 41, 42",Thibault DE GHELLINK DELSEGHEM,No Image
405,13072988,NIKE AIR VAPORMAX,25,NIKE Innovate C.V.,No Image
406,13092465,NIKE CLEARANCE STORE,35,NIKE Innovate C.V.,No Image
407,13146725,NIKE AIR,"18, 25, 28",NIKE Innovate C.V.,https://euipo.europa.eu/copla/thumbnail/GGIVU4WGEGD2LJBLYJY6ACUKP2D6IUAFWEL2LIF5UHRJ7XS3UJP5DUWYGPUOCZSMJKFM2GDO6MOMS
408,13176681,CHARL HEYNIKE,"14, 18, 20, 24, 25, 40",Charl Heynike,No Image
409,13265161,BERLINER PHILHARMONIKER,"9, 38, 41",Stiftung Berliner Philharmoniker,No Image
410,13463054,JENIKE &amp; JOHANSON,42,"Jenike &amp; Johanson Global, Inc.",No Image
411,13491758,NIKE AEROSHIELD,"18, 25, 35",NIKE Innovate C.V.,No Image
412,13725965,Kenike KIDS,"3, 18, 25","Guangzhou Qiyang Shoes Co., LTD.",https://euipo.europa.eu/copla/thumbnail/GGIVU4WGEGD2LJBLYJY6ACUKP2D6IUAFWEL2LIF5UHRJ7XS3UJPSOWGO7GDJRDMD3UM7OS5IETE2G
413,13784021,NIKE,31,"AGRUPACION SUNAMAR, S.L.",https://euipo.europa.eu/copla/thumbnail/GGIVU4WGEGD2LJBLYJY6ACUKP2D6IUAFWEL2LIF5UHRJ7XS3UJPQLGPNDJHXBQ5XATADKXHYEORSE
414,14296991,NIKE LUNAR,25,NIKE Innovate C.V.,No Image
415,14353247,NIKE ROSHE,25,NIKE Innovate C.V.,No Image
416,14433403,AIR HUARACHE BY NIKE,"18, 25, 35",NIKE Innovate C.V.,https://euipo.europa.eu/copla/thumbnail/GGIVU4WGEGD2LJBLYJY6ACUKP22D5TH4HWBU7ERIQHFIMFEQUQOC2OG23FK26Z3IV3NVFPHPAFDOY
417,14840896,Wiener Philharmoniker 1842&nbsp; bePHILHARMONIC&nbsp; CONTEST 2016,"9, 16, 38, 41",Wiener Philharmoniker e.V.,https://euipo.europa.eu/copla/thumbnail/GGIVU4WGEGD2LJBLYJY6ACUKP22D5TH4HWBU7ERIQHFIMFEQUQOD4GK27A3SFJIKUVNZ4AV7ADHSO
418,15100142,MINUTKLINIKEN,"9, 16, 35, 41, 42, 44",Apotek Hjärtat AB,No Image
419,15101066,minutkliniken,"9, 16, 35, 41, 42, 44",Apotek Hjärtat AB,https://euipo.europa.eu/copla/thumbnail/GGIVU4WGEGD2LJBLYJY6ACUKPZ6UO3JD7WNBUUFWG4IW56GENJKUUHC2OD5YTGDKF3U6IIRB4NYNI
420,15171788,NTC Nike Training Club,"9, 25, 35, 41",NIKE Innovate C.V.,https://euipo.europa.eu/copla/thumbnail/GGIVU4WGEGD2LJBLYJY6ACUKPZ6UO3JD7WNBUUFWG4IW56GENJK2K4WP2K4ES3TCAXRKPW4FT3EK4
421,15214448,UNIKERIS,"5, 42, 44",Unikeris Limited,No Image
422,15225725,NIKE AEROSWIFT,"18, 25, 28",NIKE Innovate C.V.,No Image
423,15582216,Sminiker,"8, 9, 28",Shen Zhen Shi Hao Wei Yun Cheng Ke Ji You Xian Gong Si,No Image
424,15827231,NIKE HYPERSTRONG,"18, 25, 41",NIKE Innovate C.V.,No Image
425,15960701,NIKEL PRIVÉ,3,Mirjana Brlečić,https://euipo.europa.eu/copla/thumbnail/GGIVU4WGEGD2LJBLYJY6ACUKPZ6UO3JD7WNBUUFWG4IW56GENJKQ5AWQIFJ3IKH6ZXSQQBBISABUS
426,16026353,NIKE,41,NIKE Innovate C.V.,No Image
427,16207111,NIKEN,12,Yamaha Hatsudoki Kabushiki Kaisha,No Image
428,16490054,AK AKADEMIKLINIKEN,"3, 5, 41, 42, 44",Akademikliniken HJ Holding AB,https://euipo.europa.eu/copla/thumbnail/GGIVU4WGEGD2LJBLYJY6ACUKPYSPRVBAQOOSZM42O7SI2WJYHBCQREUCIK2RKQRX6LGGKERCOCDIE
429,16661142,NIKE,"7, 8, 9, 12",Rehobot  Hydraulics AB,No Image
430,16768418,NIKE JOYRIDE,25,NIKE Innovate C.V.,No Image
431,17127929,Tiniker,"9, 25, 28",Xinliang Yu,No Image
432,17375155,komunikea,"35, 41",ALEJANDRO CARRETERO GARCIA,https://euipo.europa.eu/copla/thumbnail/GGIVU4WGEGD2LJBLYJY6ACUKPYV7S2XYV2IHZESYS2KSFIGKWMM53SH5OO6XI5FHUFVCMJEOMCCGM
433,17647199,AONIKE,"9, 35",Huqin Huang,https://euipo.europa.eu/copla/thumbnail/GGIVU4WGEGD2LJBLYJY6ACUKPYV7S2XYV2IHZESYS2KSFIGKWMMWIYND2VFM3IDMQ3SZ3Q4GZ3HWU
434,17769175,CM Philharmoniker Ball,"35, 41, 43",Kristina Bach,No Image
435,17945255,BERLINER SYMPHONIKER,"9, 16, 41",BEROLINA-ORCHESTER e.V. BERLINER SYMPHONIKER,No Image
436,17945256,BERLINER SYMPHONIKER,"9, 16, 41",BEROLINA-ORCHESTER e.V. BERLINER SYMPHONIKER,https://euipo.europa.eu/copla/thumbnail/GGIVU4WGEGD2LJBLYJY6ACUKPYV7S2XYV2IHZESYS2KSFIGKWMMQG2W5VWN2M7XKWYNTEK7MQQHRA
437,17953294,Syonike,9,"Shenzhen Lv Di Si Technology Co., Ltd",No Image
438,17964315,NIKE RTNA,"18, 25",NIKE Innovate C.V.,No Image
439,17967285,NIKECONNECT,9,NIKE Innovate C.V.,No Image
440,17967447,PERITUSKLINIKEN,"35, 42, 44",Perituskliniken AB,No Image
441,17968330,NIKECONNECT,25,NIKE Innovate C.V.,https://euipo.europa.eu/copla/thumbnail/GGIVU4WGEGD2LJBLYJY6ACUKPYV7S2XYV2IHZESYS2KSFIGKWMM2VFMQ4LOQQCE2PUOULSZJYSEJU
442,17976242,Unike,"5, 10",Köhler Pharma GmbH,No Image
443,17980838,etxenike,29,"M. ETXENIKE, S.A.",https://euipo.europa.eu/copla/thumbnail/GGIVU4WGEGD2LJBLYJY6ACUKPYV7S2XYV2IHZESYS2KSFIGKWMM6FD4N2AFPJJR5AENUXMGBMCPEU
444,18007186,EK EleniKey,"29, 30, 33",Jean Georges Ghenossis-Vagenas,https://euipo.europa.eu/copla/thumbnail/GGIVU4WGEGD2LJBLYJY6ACUKPZHJDQXWIZJLOY4DXNLCCIW7U45YGLXAVANK6QFDFULMZ2KNVO4N6
445,18028334,SLMKLINIKEN,"3, 5, 10, 41, 44",Maria Petersson,No Image
446,18037092,NIKE BY YOU,"35, 42",NIKE Innovate C.V.,No Image
447,18061156,iuniker,9,"Shenzhen Tongyu Technology Co., Ltd.",No Image
448,18070778,Ranikeer,"14, 20, 21","Zhengzhou NaTeEr Import and Export Trade Co., Ltd.",No Image
449,18094169,NIKEVRY,5,Novartis AG,No Image
450,18126224,"P/S ""Sniķeri"", Jumurdas pag., Ērgļu novads, t. 29135515 Kaziņas Bonijas siers www.bonijassiers.lv",29,Santa Lasmane-Radzvilaviča,https://euipo.europa.eu/copla/thumbnail/GGIVU4WGEGD2LJBLYJY6ACUKPZHJDQXWIZJLOY4DXNLCCIW7U452FSIDMH6IRJIMAXWZNX4XXT2KK
451,18183856,Titanikel,7,HYWAY MIT CORPORATION,No Image
452,18188707,BERLINER PHILHARMONIKER RECORDINGS,"9, 41",Stiftung Berliner Philharmoniker,No Image
453,18212438,NIKEEYEN,11,Shenzhen KaiYaSheng Technology Co Ltd,No Image
454,18240898,etniké,30,Fratelli Pagani SpA,https://euipo.europa.eu/copla/thumbnail/GGIVU4WGEGD2LJBLYJY6ACUKPZHJDQXWIZJLOY4DXNLCCIW7U453T5QFM4PXPYWLM4FDMDUPPRQYY
455,18275107,YOUNIKE,"11, 20",Tao Yang,No Image
456,18278539,SANIKEM,5,ITALKEM S.R.L.,No Image
457,18285590,Weltroniker,35,Weltron Elektronik GmbH,No Image
458,18326927,CCE Ziviltechniker GmbH,"37, 42",CCE Ziviltechniker GmbH,https://euipo.europa.eu/copla/thumbnail/GGIVU4WGEGD2LJBLYJY6ACUKPZHJDQXWIZJLOY4DXNLCCIW7U454YX7YRFS7KPDMVVHONDKR7Z77Q
459,18350942,FINIKEM,"1, 2, 3, 5, 42",FGL International S.p.A.,No Image
460,18466064,LIBERMENTA Kliniken,"5, 35, 44",BühlerHealthCare AG,No Image
461,18466066,LIBERMENTA Kliniken Leben erleben,"5, 35, 44",BühlerHealthCare AG,https://euipo.europa.eu/copla/thumbnail/GGIVU4WGEGD2LJBLYJY6ACUKPZHJDQXWIZJLOY4DXNLCCIW7U45YJDYYJQR425WGRO37PKS5V4J42
462,18467456,Nikeiy,"6, 8",Wenzhou Boju International Trade Co. Ltd,https://euipo.europa.eu/copla/thumbnail/GGIVU4WGEGD2LJBLYJY6ACUKPZHJDQXWIZJLOY4DXNLCCIW7U45TS5RUZUEEOCV7KE6KKM2OLDKZ2
463,18504948,SANIKEM,"1, 5, 16, 40",Kemind S.r.l.,No Image
464,18507097,TechnikElfe,42,Sara Menzel-Berger,https://euipo.europa.eu/copla/thumbnail/GGIVU4WGEGD2LJBLYJY6ACUKPZHJDQXWIZJLOY4DXNLCCIW7U45YQ6KRD6ANLBBBB5IGGEEHQULXE
465,18530887,Tranike,"9, 10, 21","Shenzhen Xinyi Technology Co., Ltd.",No Image
466,18554274,PANIKE,"29, 30, 35","PANIKE - INDÚSTRIA DE PRODUTOS ALIMENTARES CONGELADOS, S.A.",No Image
467,18554609,DSGVO Datenschutz Ziviltechniker GmbH - Wir schützen Ihre Daten -,"42, 45",DSGVO-ZT GmbH,https://euipo.europa.eu/copla/thumbnail/GGIVU4WGEGD2LJBLYJY6ACUKPZHJDQXWIZJLOY4DXNLCCIW7U45SYCMR6L4L6TDBD6K7S3ADWLQ5E
468,18586664,NIKE,"9, 35, 41",NIKE Innovate C.V.,https://euipo.europa.eu/copla/thumbnail/GGIVU4WGEGD2LJBLYJY6ACUKPZHJDQXWIZJLOY4DXNLCCIW7U45SHROLGKTR55CCW3OHEGIQTPAVK
469,18586666,NIKE,"9, 35, 41",NIKE Innovate C.V.,No Image
470,18605923,NIKELAND,"9, 25, 35, 41, 42",NIKE Innovate C.V.,No Image
471,18623025,T TEKNIKER MEMBER OF BASQUE RESEARCH &amp; TECHNOLOGY ALLIANCE,"7, 9, 37, 40, 41, 42",FUNDACION TEKNIKER,https://euipo.europa.eu/copla/thumbnail/GGIVU4WGEGD2LJBLYJY6ACUKPZHJDQXWIZJLOY4DXNLCCIW7U452JLEFHCTEKBIRITP6UHD2VBIPC
472,18674218,Atomos Kliniken,"35, 36",Atomos-Kliniken GmbH,No Image
473,18678896,NIKEDEM,"29, 30",Andrea Ursula Grün,No Image
474,18689924,ETXENIKE KUTXARA,29,"M. ETXENIKE, S.A.",No Image
475,18725918,nikelX Account Based Ticketing,"9, 25, 35, 38, 39, 42","Michael Weber, Olga White, Demuth Business Partner",https://euipo.europa.eu/copla/thumbnail/GGIVU4WGEGD2LJBLYJY6ACUKPZHJDQXWIZJLOY4DXNLCCIW7U45QGYQ5EK5N7QNHVP7RVHE6Y6PBO
476,18736251,NIKE GO,25,NIKE Innovate C.V.,No Image
477,18736252,NIKE ZENVY,25,NIKE Innovate C.V.,No Image
478,18736254,NIKE UNIVERSA,25,NIKE Innovate C.V.,No Image
479,18764903,Siphoniker,"6, 11, 17, 19",HL Hutterer &amp; Lechner GmbH,No Image
480,18764904,SIPHONIKER,"6, 11, 17, 19",HL Hutterer &amp; Lechner GmbH,https://euipo.europa.eu/copla/thumbnail/GGIVU4WGEGD2LJBLYJY6ACUKPZHJDQXWIZJLOY4DXNLCCIW7U45VAFLB54GY54XBY2H6OIBJKPY7S
481,18811349,TIM DOSTARCZAMY ELEKTROTECHNIKĘ PROFESJONALISTOM,"35, 37, 39, 41, 42",TIM S.A.,https://euipo.europa.eu/copla/thumbnail/GGIVU4WGEGD2LJBLYJY6ACUKPZHJDQXWIZJLOY4DXNLCCIW7U45RWV4THYJKZXHE53FJVKR7FQX72
482,18848142,NIKE MOTIVA,25,NIKE Innovate C.V.,No Image
483,18857586,NIKE INVINCIBLE,25,NIKE Innovate C.V.,No Image
484,18865557,NIKE CRATER,25,NIKE Innovate C.V.,No Image
485,18866819,NIKE,"7, 10, 12, 14, 21, 26, 27, 41, 42",NIKE Innovate C.V.,No Image
486,18871826,Genikeer,"21, 28","Guangzhou Jingxiao Network Technology Co., Ltd.",No Image
487,18880415,NORDISKA KLINIKEN,"3, 44",Nordiska Kliniken,https://euipo.europa.eu/copla/thumbnail/GGIVU4WGEGD2LJBLYJY6ACUKPZHJDQXWIZJLOY4DXNLCCIW7U45TJOE77CBL4BIGPA2SULBQVCGCI
488,18881419,NIKE STRIDE,25,NIKE Innovate C.V.,No Image
489,18886839,Laklinike,"3, 5, 35, 44",Haitham Abu Kahdijeh and his Partners Company,https://euipo.europa.eu/copla/thumbnail/GGIVU4WGEGD2LJBLYJY6ACUKPZHJDQXWIZJLOY4DXNLCCIW7U45ZHHSY5N34X4YEBSZRYE4BRMNVS
490,18899582,KONCEPT kliniken,44,Koncept kliniken beauty AB,https://euipo.europa.eu/copla/thumbnail/GGIVU4WGEGD2LJBLYJY6ACUKPZHJDQXWIZJLOY4DXNLCCIW7U45VS42MOHANDQZOCI3KZVVBJVDWS
491,18943239,MACHENIKE,9,"QINGDAO THUNDEROBOT TECHNOLOGY CO., LTD.",https://euipo.europa.eu/copla/thumbnail/GGIVU4WGEGD2LJBLYJY6ACUKPZHJDQXWIZJLOY4DXNLCCIW7U45XU4QUGFJJNDNI5OYHRVGV3OI4M
492,18958093,LAINIKE,21,"Guangzhou Lainike Trading Co., Ltd.",No Image
493,18985382,MONIKER,36,Visa International Service Association,No Image
494,18989986,Organiker KERATIN TREATMENT,"3, 35",SAGA PROFESIONAL S.L.,https://euipo.europa.eu/copla/thumbnail/GGIVU4WGEGD2LJBLYJY6ACUKPZHJDQXWIZJLOY4DXNLCCIW7U453GM6CV63SUF7LOA25QJMLZELTO
495,19006500,NANIKEOLA,"9, 14, 16, 28, 35, 41, 42",Susanne Korntner,https://euipo.europa.eu/copla/thumbnail/GGIVU4WGEGD2LJBLYJY6ACUKPY5X7OI6A3KZCQBHDBUZ4FR2OF35AW6C6H2DFVKWJ3IYJVFIY6DRA
496,19017718,CogniKEY,"41, 44",Brain Training Center S.R.L.,https://euipo.europa.eu/copla/thumbnail/GGIVU4WGEGD2LJBLYJY6ACUKPY5X7OI6A3KZCQBHDBUZ4FR2OF3SGG7QDDSZOUC3DLKDE4JUKXP6O
497,19023991,TZMengNiKe,"11, 21","Shenzhen MengNiKe Trading Co., Ltd.",No Image
498,19052244,Sensomotorik Techniker,41,footpower Service GmbH,https://euipo.europa.eu/copla/thumbnail/GGIVU4WGEGD2LJBLYJY6ACUKPY5X7OI6A3KZCQBHDBUZ4FR2OF3YGV2XDKIMZIWKJCJWRYQY6EMSW
499,19074876,UNIKEYBOX,"7, 8",Linmao Pan,No Image
500,19085235,Anikers,11,"Shenzhen Ouyitong E-commerce Co., Ltd.",No Image
